{
  "FindFlight-90" : {
    "transaction" : "FindFlight-90",
    "sampleCount" : 620,
    "errorCount" : 0,
    "errorPct" : 0.0,
    "meanResTime" : 270.84516129032255,
    "medianResTime" : 254.0,
    "minResTime" : 211.0,
    "maxResTime" : 525.0,
    "pct1ResTime" : 368.0,
    "pct2ResTime" : 443.94999999999993,
    "pct3ResTime" : 489.47999999999956,
    "throughput" : 1.035999304877886,
    "receivedKBytesPerSec" : 1.749260545052602,
    "sentKBytesPerSec" : 0.6761638230295961
  },
  "FindFlightContinue-98" : {
    "transaction" : "FindFlightContinue-98",
    "sampleCount" : 610,
    "errorCount" : 0,
    "errorPct" : 0.0,
    "meanResTime" : 282.5737704918031,
    "medianResTime" : 266.0,
    "minResTime" : 210.0,
    "maxResTime" : 443.0,
    "pct1ResTime" : 368.0,
    "pct2ResTime" : 401.89999999999986,
    "pct3ResTime" : 428.0,
    "throughput" : 1.0295480284155254,
    "receivedKBytesPerSec" : 2.628841712053982,
    "sentKBytesPerSec" : 1.0121526488498598
  },
  "RndOrderContinue-118-0" : {
    "transaction" : "RndOrderContinue-118-0",
    "sampleCount" : 610,
    "errorCount" : 0,
    "errorPct" : 0.0,
    "meanResTime" : 0.13278688524590168,
    "medianResTime" : 0.0,
    "minResTime" : 0.0,
    "maxResTime" : 1.0,
    "pct1ResTime" : 1.0,
    "pct2ResTime" : 1.0,
    "pct3ResTime" : 1.0,
    "throughput" : 1.0297444208109658,
    "receivedKBytesPerSec" : 2.615642158010905,
    "sentKBytesPerSec" : 0.0
  },
  "FindFlight" : {
    "transaction" : "FindFlight",
    "sampleCount" : 620,
    "errorCount" : 0,
    "errorPct" : 0.0,
    "meanResTime" : 812.5032258064516,
    "medianResTime" : 777.0,
    "minResTime" : 642.0,
    "maxResTime" : 1281.0,
    "pct1ResTime" : 973.0,
    "pct2ResTime" : 1104.7499999999995,
    "pct3ResTime" : 1176.4299999999994,
    "throughput" : 1.035189773660765,
    "receivedKBytesPerSec" : 6.974388914536736,
    "sentKBytesPerSec" : 2.024884548164709
  },
  "PaymentDetailsContinue-119" : {
    "transaction" : "PaymentDetailsContinue-119",
    "sampleCount" : 610,
    "errorCount" : 405,
    "errorPct" : 66.39344,
    "meanResTime" : 302.5065573770496,
    "medianResTime" : 287.5,
    "minResTime" : 212.0,
    "maxResTime" : 525.0,
    "pct1ResTime" : 384.69999999999993,
    "pct2ResTime" : 412.3499999999998,
    "pct3ResTime" : 477.3399999999999,
    "throughput" : 1.0292318724427385,
    "receivedKBytesPerSec" : 2.8161595863036237,
    "sentKBytesPerSec" : 1.0788990988948413
  },
  "FindFlight-91" : {
    "transaction" : "FindFlight-91",
    "sampleCount" : 620,
    "errorCount" : 0,
    "errorPct" : 0.0,
    "meanResTime" : 263.74677419354816,
    "medianResTime" : 248.0,
    "minResTime" : 205.0,
    "maxResTime" : 463.0,
    "pct1ResTime" : 346.0,
    "pct2ResTime" : 437.94999999999993,
    "pct3ResTime" : 457.0,
    "throughput" : 1.036671415290569,
    "receivedKBytesPerSec" : 4.489880592591478,
    "sentKBytesPerSec" : 0.6776148625657952
  },
  "RndOrderContinue" : {
    "transaction" : "RndOrderContinue",
    "sampleCount" : 1220,
    "errorCount" : 0,
    "errorPct" : 0.0,
    "meanResTime" : 249.3122950819673,
    "medianResTime" : 243.0,
    "minResTime" : 104.0,
    "maxResTime" : 2369.0,
    "pct1ResTime" : 349.9000000000001,
    "pct2ResTime" : 393.95000000000005,
    "pct3ResTime" : 453.15999999999985,
    "throughput" : 2.057804053199295,
    "receivedKBytesPerSec" : 461.250891460324,
    "sentKBytesPerSec" : 1.21520438622199
  },
  "ClickLogin-83" : {
    "transaction" : "ClickLogin-83",
    "sampleCount" : 620,
    "errorCount" : 0,
    "errorPct" : 0.0,
    "meanResTime" : 311.13387096774176,
    "medianResTime" : 295.0,
    "minResTime" : 214.0,
    "maxResTime" : 541.0,
    "pct1ResTime" : 453.69999999999993,
    "pct2ResTime" : 482.0,
    "pct3ResTime" : 541.0,
    "throughput" : 1.036593419638095,
    "receivedKBytesPerSec" : 0.8263717255351413,
    "sentKBytesPerSec" : 0.7485047636274416
  },
  "RndOrderContinue-106" : {
    "transaction" : "RndOrderContinue-106",
    "sampleCount" : 610,
    "errorCount" : 0,
    "errorPct" : 0.0,
    "meanResTime" : 211.9573770491805,
    "medianResTime" : 195.0,
    "minResTime" : 104.0,
    "maxResTime" : 2369.0,
    "pct1ResTime" : 312.9,
    "pct2ResTime" : 351.89999999999986,
    "pct3ResTime" : 542.1999999999989,
    "throughput" : 1.0293968746835869,
    "receivedKBytesPerSec" : 455.81774032620064,
    "sentKBytesPerSec" : 0.3136443602551554
  },
  "FindFlightContinue" : {
    "transaction" : "FindFlightContinue",
    "sampleCount" : 614,
    "errorCount" : 0,
    "errorPct" : 0.0,
    "meanResTime" : 280.7328990228011,
    "medianResTime" : 265.0,
    "minResTime" : 0.0,
    "maxResTime" : 443.0,
    "pct1ResTime" : 368.0,
    "pct2ResTime" : 401.5,
    "pct3ResTime" : 428.0,
    "throughput" : 1.0291014469434514,
    "receivedKBytesPerSec" : 2.610582837638296,
    "sentKBytesPerSec" : 1.0051226447152959
  },
  "ClickLogin" : {
    "transaction" : "ClickLogin",
    "sampleCount" : 620,
    "errorCount" : 0,
    "errorPct" : 0.0,
    "meanResTime" : 878.8467741935488,
    "medianResTime" : 866.0,
    "minResTime" : 653.0,
    "maxResTime" : 1351.0,
    "pct1ResTime" : 1099.3999999999999,
    "pct2ResTime" : 1130.0,
    "pct3ResTime" : 1296.0099999999993,
    "throughput" : 1.0356739564749666,
    "receivedKBytesPerSec" : 3.7293691294408697,
    "sentKBytesPerSec" : 2.0602991797921635
  },
  "PaymentDetailsContinue" : {
    "transaction" : "PaymentDetailsContinue",
    "sampleCount" : 610,
    "errorCount" : 405,
    "errorPct" : 66.39344,
    "meanResTime" : 302.5065573770497,
    "medianResTime" : 287.5,
    "minResTime" : 212.0,
    "maxResTime" : 525.0,
    "pct1ResTime" : 384.69999999999993,
    "pct2ResTime" : 412.3499999999998,
    "pct3ResTime" : 477.3399999999999,
    "throughput" : 1.0291485230031565,
    "receivedKBytesPerSec" : 2.8159315275643095,
    "sentKBytesPerSec" : 1.0788117272950435
  },
  "Total" : {
    "transaction" : "Total",
    "sampleCount" : 8020,
    "errorCount" : 405,
    "errorPct" : 5.0498753,
    "meanResTime" : 258.5411471321704,
    "medianResTime" : 259.0,
    "minResTime" : 0.0,
    "maxResTime" : 2369.0,
    "pct1ResTime" : 367.0,
    "pct2ResTime" : 433.0,
    "pct3ResTime" : 494.0,
    "throughput" : 13.36439471956434,
    "receivedKBytesPerSec" : 478.4526165057149,
    "sentKBytesPerSec" : 8.508447769608333
  },
  "OpenPage-75" : {
    "transaction" : "OpenPage-75",
    "sampleCount" : 620,
    "errorCount" : 0,
    "errorPct" : 0.0,
    "meanResTime" : 279.8790322580643,
    "medianResTime" : 263.0,
    "minResTime" : 210.0,
    "maxResTime" : 758.0,
    "pct1ResTime" : 362.0,
    "pct2ResTime" : 406.8499999999998,
    "pct3ResTime" : 433.78999999999996,
    "throughput" : 1.0367944989690583,
    "receivedKBytesPerSec" : 1.0286945419458626,
    "sentKBytesPerSec" : 0.6227887117326676
  },
  "OpenPage-76" : {
    "transaction" : "OpenPage-76",
    "sampleCount" : 620,
    "errorCount" : 0,
    "errorPct" : 0.0,
    "meanResTime" : 297.63387096774187,
    "medianResTime" : 276.0,
    "minResTime" : 208.0,
    "maxResTime" : 541.0,
    "pct1ResTime" : 421.2999999999996,
    "pct2ResTime" : 480.0,
    "pct3ResTime" : 517.0,
    "throughput" : 1.036742488215415,
    "receivedKBytesPerSec" : 3.0424998709297406,
    "sentKBytesPerSec" : 0.5284956824691861
  },
  "ClickLogin-85" : {
    "transaction" : "ClickLogin-85",
    "sampleCount" : 620,
    "errorCount" : 0,
    "errorPct" : 0.0,
    "meanResTime" : 289.0677419354835,
    "medianResTime" : 275.0,
    "minResTime" : 213.0,
    "maxResTime" : 500.0,
    "pct1ResTime" : 363.0,
    "pct2ResTime" : 455.0,
    "pct3ResTime" : 494.0,
    "throughput" : 1.0364911764509206,
    "receivedKBytesPerSec" : 1.155930589362257,
    "sentKBytesPerSec" : 0.6542164868549514
  },
  "OpenPage" : {
    "transaction" : "OpenPage",
    "sampleCount" : 620,
    "errorCount" : 0,
    "errorPct" : 0.0,
    "meanResTime" : 577.5129032258066,
    "medianResTime" : 557.0,